{
  "$schema": "https://raw.githubusercontent.com/grafana/grafana/master/docs/sources/developers/plugins/plugin.schema.json",
  "type": "panel",
  "name": "Odometer",
  "id": "sameeraswal-odometer-panel",
  "info": {
    "keywords": ["panel"],
    "description": "Display moving counter or countdown countup",
    "author": {
      "name": "Sameeraswal"
    },
    "logos": {
      "small": "img/logo.svg",
      "large": "img/logo.svg"
    },
    "links": [],
    "screenshots": [],
    "version": "1.0.0",
    "updated": "2023-10-09"
  },
  "dependencies": {
    "grafanaDependency": ">=10.0.3",
    "plugins": []
  }
}
